{
  "sequence": "GIVEQCCTSICSLYQLENYCNFVNQHLCGSHLVEALYLVCGERGFFYTPKT",
  "true_states": [
    0,
    0,
    0,
    1,
    1,
    1,
    1,
    1,
    1,
    1,
    1,
    1,
    1,
    1,
    1,
    0,
    0,
    0,
    0,
    0,
    0,
    0,
    0,
    0,
    0,
    0,
    0,
    1,
    1,
    1,
    1,
    1,
    1,
    1,
    1,
    1,
    1,
    0,
    0,
    0,
    0,
    0,
    0,
    0,
    0,
    0,
    0,
    0,
    0,
    0,
    0
  ],
  "predicted_states": [
    0,
    0,
    0,
    0,
    0,
    0,
    0,
    0,
    0,
    0,
    0,
    0,
    0,
    0,
    0,
    0,
    0,
    0,
    0,
    0,
    0,
    0,
    0,
    0,
    0,
    0,
    0,
    0,
    0,
    0,
    0,
    0,
    0,
    0,
    0,
    0,
    0,
    0,
    0,
    0,
    0,
    0,
    0,
    0,
    0,
    0,
    0,
    0,
    0,
    0,
    0
  ],
  "alpha_probabilities_mean": [
    0.015719657923153135,
    0.04428879059618339,
    0.03490527582773939,
    -0.0005508153578266501,
    0.04993441028473899,
    0.10812161714676767,
    0.06471028881892561,
    0.09905757435597479,
    0.1560354875549674,
    0.11961871048435568,
    0.1176878944132477,
    0.13396003081277014,
    0.08483098876476287,
    0.15503438633680344,
    0.19300808264687658,
    0.0997172982916236,
    0.11855647709965705,
    0.060517064360901714,
    0.1462619863115251,
    0.15561996535211803,
    0.19018545023724437,
    0.11939940758422017,
    0.12236001147702337,
    0.14398080947622657,
    0.16641294370591642,
    0.1217101663351059,
    0.09684382379055023,
    0.08514256775379181,
    0.08968596612662078,
    0.06588313684612512,
    0.06614029010757803,
    0.18015648359805345,
    0.09044717252254486,
    0.043823293570429085,
    0.057768246740102766,
    0.08396418676525354,
    0.06701885732728988,
    0.11385865338332951,
    0.11448778733052313,
    0.03149294681847095,
    0.12708052000403405,
    0.11696627454832197,
    0.1514367446564138,
    0.20640000700950623,
    0.19705464573577047,
    0.2274995762296021,
    0.2547429662272334,
    0.3346888633072376,
    0.32796786646544934,
    0.43862491577118634,
    0.43380826711654663
  ],
  "alpha_probabilities_std": [
    0.8315031439069764,
    0.8147583694455962,
    0.8444952314325721,
    0.8153175305201507,
    0.8825040407276962,
    0.8219249317227957,
    0.8247204237322785,
    0.866133969658004,
    0.8275500684313266,
    0.8098233620157359,
    0.8612097358161189,
    0.8493120021310896,
    0.8319569815893155,
    0.800014103957542,
    0.8581023573123946,
    0.8506361822827294,
    0.8346289204123175,
    0.8002883428124942,
    0.8365028958487983,
    0.8623407619207937,
    0.8547191717053025,
    0.8507788947278695,
    0.8794595008508556,
    0.8475851380764237,
    0.8558244707930243,
    0.0,
    0.0,
    0.0,
    0.8165682689980727,
    0.861822191071833,
    0.8561173590428492,
    0.8512770456933916,
    0.0,
    0.8570591058225421,
    0.7867312661397754,
    0.8063720410677461,
    0.8318440362767117,
    0.823747062399273,
    0.8212000333777252,
    0.8315195250833023,
    0.8393486261801013,
    0.8270778594944388,
    0.8184296019128982,
    0.0,
    0.8487865419486298,
    0.8506862751199592,
    0.7919103358897798,
    0.8307920996912721,
    0.8570536840674757,
    0.8653509801320967,
    0.0
  ],
  "accuracy_metrics": {
    "overall_accuracy": 0.5686274509803921,
    "alpha_helix_accuracy": 0.0,
    "other_accuracy": 1.0,
    "precision": 0.0,
    "recall": 0.0,
    "f1_score": 0.0,
    "true_positives": 0,
    "true_negatives": 29,
    "false_positives": 0,
    "false_negatives": 22
  }
}