{
  "n_sequences": 100,
  "length_stats": {
    "mean": 120.42,
    "std": 42.54390203072585,
    "min": "51",
    "max": "200",
    "median": 117.0
  },
  "alpha_helix_stats": {
    "mean_fraction": 0.21011384772825703,
    "std_fraction": 0.07144254219483757,
    "min_fraction": 0.1,
    "max_fraction": 0.3125
  }
}